Name,Term,ES,NES,NOM p-val,FDR q-val,FWER p-val,Tag %,Gene %,Lead_genes
prerank,Amoebiasis,0.5947022843995605,1.7274666712612838,0.0196078431372549,1.0,0.542,6/14,9.82%,HSPB1;COL4A1;GNAS;COL4A2;ACTN4;LAMA4
prerank,"Parathyroid hormone synthesis, secretion and action",0.585749408919025,1.6438171935072268,0.03687315634218289,1.0,0.745,3/12,6.13%,NACA;GNAS;MEF2C
prerank,Rap1 signaling pathway,0.46542473802677586,1.6372592827852328,0.024817518248175182,0.8168753726893261,0.758,11/31,16.23%,INSR;ACTG1;GNAS;FLT1;PFN1;RALB;ACTB;VASP;CALM1;MAGI1;ANGPT2
prerank,Small cell lung cancer,0.5989569006866775,1.6086323325278855,0.054285714285714284,0.7382043828264758,0.82,4/10,10.10%,COL4A1;COL4A2;LAMA4;BAX
prerank,Calcium signaling pathway,0.5114976011723464,1.6026084126519362,0.041666666666666664,0.6167352415026834,0.833,7/18,14.97%,SLC25A6;GNAS;FLT1;CXCR4;SLC25A5;CALM1;ATP2B4
prerank,Cardiac muscle contraction,0.495936726661444,1.556215119184589,0.061366806136680614,0.7040026833631485,0.902,9/19,22.35%,UQCRB;UQCRH;COX5A;COX7B;COX4I1;TPM4;COX7A2L;COX7C;COX8A
prerank,MicroRNAs in cancer,0.4546352359079317,1.5229902588619182,0.04908835904628331,0.7372029133657041,0.94,5/24,7.24%,VIM;SOX4;MARCKS;STMN1;UBE2I
prerank,Gap junction,0.5509860104520689,1.5196129945873573,0.0662739322533137,0.659391771019678,0.947,2/11,2.09%,GJA1;GNAS
prerank,Diabetic cardiomyopathy,0.37887934177373067,1.5142922265246725,0.035961272475795295,0.6060475054661101,0.95,21/57,24.30%,INSR;GAPDH;UQCRB;SLC25A6;UQCRH;NDUFS5;COX5A;COX7B;NDUFB2;COX4I1;NDUFS8;SLC25A5;NDUFAB1;NDUFB8;COX7A2L;COX7C;COX8A;NDUFB7;PPP1CB;NDUFA6;VDAC1
prerank,Thermogenesis,0.3702671032434202,1.49128320253111,0.04709141274238227,0.6266771019677997,0.964,20/58,24.03%,UQCRB;MGLL;ACTG1;GNAS;UQCRH;NDUFS5;COX5A;COX7B;NDUFB2;COX4I1;NDUFS8;ACTB;NDUFAB1;NDUFB8;COX7A2L;COX7C;COX17;COX8A;NDUFB7;NDUFA6
prerank,Alzheimer disease,0.34906908881409643,1.486984862971494,0.03873744619799139,0.5848471296145715,0.968,48/81,43.25%,INSR;GAPDH;UQCRB;SLC25A6;UQCRH;NDUFS5;COX5A;COX7B;NDUFB2;PSMB7;COX4I1;NDUFS8;SLC25A5;NDUFAB1;BACE2;CALM1;NDUFB8;BID;COX7A2L;PSMB5;COX7C;PSMC5;CSNK2B;KIF5B;COX8A;NDUFB7;NDUFA6;VDAC1;CALM3;BAD;PSMD8;UQCRFS1;NDUFA1;HSD17B10;ATF4;PPP3CA;PSMC1;NDUFV2;TUBB6;NDUFS7;NDUFB4;COX6C;NDUFB1;ADAM10;UQCR10;NDUFB5;NDUFB3;PSMB4
prerank,Amyotrophic lateral sclerosis,0.36028885774604485,1.472786056314717,0.030985915492957747,0.5810748360166965,0.977,46/74,43.94%,UQCRB;ACTG1;UQCRH;HNRNPA1;PFN1;NDUFS5;COX5A;COX7B;NDUFB2;BAX;PSMB7;COX4I1;NDUFS8;ACTB;NDUFAB1;NDUFB8;BID;COX7A2L;PSMB5;COX7C;PSMC5;KIF5B;COX8A;NDUFB7;NDUFA6;VDAC1;BAD;PSMD8;UQCRFS1;NDUFA1;TPR;ATF4;PPP3CA;PSMC1;DCTN3;NDUFV2;TUBB6;NDUFS7;NDUFB4;COX6C;NDUFB1;UQCR10;NDUFB5;NDUFB3;PSMB4;DCTN2
prerank,Prion disease,0.3493100485613988,1.4312090815454135,0.05742296918767507,0.6767132241640291,0.989,42/68,43.25%,UQCRB;SLC25A6;UQCRH;NDUFS5;COX5A;COX7B;NDUFB2;BAX;PSMB7;COX4I1;NDUFS8;SLC25A5;NDUFAB1;NDUFB8;COX7A2L;PSMB5;COX7C;PSMC5;LAMC1;CSNK2B;KIF5B;COX8A;NDUFB7;NDUFA6;VDAC1;BAD;PSMD8;UQCRFS1;NDUFA1;ATF4;PPP3CA;PSMC1;NDUFV2;TUBB6;NDUFS7;NDUFB4;COX6C;NDUFB1;UQCR10;NDUFB5;NDUFB3;PSMB4
prerank,HIF-1 signaling pathway,0.43917569851006133,1.4235346731183853,0.10028248587570622,0.6547789419882444,0.989,6/21,16.23%,INSR;GAPDH;FLT1;LDHB;ENO1;ANGPT2
prerank,cGMP-PKG signaling pathway,0.40908579699788344,1.418370522203205,0.08857142857142856,0.6263655336911151,0.99,16/29,35.58%,INSR;SLC25A6;MYL9;MEF2C;SLC25A5;VASP;CALM1;ATP2B4;PPP1CB;VDAC1;CALM3;BAD;ROCK1;ATF4;PPP3CA;PPP1CC
prerank,Leukocyte transendothelial migration,0.4354317117493893,1.410523419032369,0.10684931506849316,0.6131876118067978,0.99,12/21,31.48%,ACTG1;CXCR4;MYL9;ACTN4;ACTB;VASP;CD99;MSN;ACTN1;RAP1A;CTNND1;ROCK1
prerank,Regulation of actin cytoskeleton,0.36462189115243243,1.3828750465200632,0.0938375350140056,0.6603914553298958,0.995,16/40,25.70%,ACTG1;CFL1;CXCR4;PFN1;GSN;TMSB4X;MYL9;ACTN4;ARPC5L;ACTB;MYH9;MSN;ACTN1;PPP1CB;IQGAP1;ARPC1B
prerank,Parkinson disease,0.33079212156181714,1.377096257781393,0.08241758241758242,0.6409337109918505,0.996,28/74,24.72%,UBA52;UQCRB;SLC25A6;GNAS;UQCRH;NDUFS5;COX5A;COX7B;NDUFB2;BAX;PSMB7;UBE2J1;COX4I1;NDUFS8;SLC25A5;NDUFAB1;CALM1;NDUFB8;COX7A2L;PSMB5;COX7C;PSMC5;KIF5B;COX8A;NDUFB7;NDUFA6;VDAC1;CALM3
prerank,Adherens junction,0.4407454100969856,1.3546416226225166,0.1531791907514451,0.6741949910554562,0.997,7/17,24.51%,INSR;ACTG1;ACTN4;ACTB;CSNK2B;ACTN1;IQGAP1
prerank,Oxytocin signaling pathway,0.4127663797409274,1.3524323094637372,0.12992700729927006,0.6467307692307692,0.997,7/23,14.35%,ACTG1;GNAS;EEF2;MYL9;MEF2C;ACTB;CALM1
prerank,Focal adhesion,0.373242847584188,1.342654743500347,0.1495601173020528,0.643327796234773,0.997,10/36,13.79%,COL4A1;ACTG1;COL4A2;FLT1;FLNA;MYL9;ACTN4;LAMA4;ACTB;VASP
prerank,Tight junction,0.3786692171042558,1.3252315372188757,0.13559322033898305,0.6642970401691332,0.999,17/31,31.48%,ACTG1;RAB13;SYNPO;MYL9;ACTN4;ARPC5L;ACTB;VASP;MAGI1;MYH9;MSN;ACTN1;ARPC1B;PPP2R1A;RAP1A;ARPC2;ROCK1
prerank,RNA transport,0.36315938886526017,1.3208803843369261,0.1539528432732316,0.6483822042467139,0.999,10/37,22.14%,EEF1A1;EIF3H;EIF4B;UBE2I;EIF3E;PAIP1;EIF3F;EIF3G;EIF3D;EIF2S2
prerank,Neutrophil extracellular trap formation,0.43433106574331726,1.3169037970942266,0.18620689655172415,0.6335457662492546,0.999,4/16,13.09%,ACTG1;SLC25A6;ACTB;SLC25A5
prerank,Fc gamma R-mediated phagocytosis,0.3962629613038313,1.3020698692391852,0.16544655929721816,0.6488550983899821,0.999,6/23,13.79%,MARCKSL1;MARCKS;CFL1;GSN;ARPC5L;VASP
prerank,Oxidative phosphorylation,0.337786917896611,1.2921954398042126,0.15521978021978022,0.6514173661758634,0.999,17/47,24.03%,UQCRB;UQCRH;NDUFS5;COX5A;COX7B;NDUFB2;COX4I1;NDUFS8;NDUFAB1;NDUFB8;COX7A2L;ATP6V1F;COX7C;COX17;COX8A;NDUFB7;NDUFA6
prerank,Non-alcoholic fatty liver disease,0.3293101522945549,1.2830407503006789,0.1636615811373093,0.6522477307361029,0.999,18/52,24.03%,INSR;UQCRB;UQCRH;NDUFS5;COX5A;COX7B;NDUFB2;BAX;COX4I1;NDUFS8;NDUFAB1;NDUFB8;BID;COX7A2L;COX7C;COX8A;NDUFB7;NDUFA6
prerank,Vibrio cholerae infection,0.45494563587222303,1.2748357323159407,0.21282798833819241,0.6518959238435983,1.0,5/13,21.03%,ACTG1;GNAS;ACTB;ATP6V1F;SEC61G
prerank,Pathways of neurodegeneration,0.29628806876852487,1.2643738082073785,0.14486638537271448,0.6564323607427055,1.0,50/84,44.78%,UBA52;UQCRB;SLC25A6;UQCRH;NDUFS5;COX5A;COX7B;NDUFB2;BAX;PSMB7;UBE2J1;COX4I1;NDUFS8;SLC25A5;NDUFAB1;CALM1;NDUFB8;BID;COX7A2L;PSMB5;COX7C;PSMC5;CSNK2B;KIF5B;COX8A;NDUFB7;NDUFA6;VDAC1;CALM3;BAD;PSMD8;UQCRFS1;NDUFA1;HSD17B10;ATF4;PPP3CA;PSMC1;DCTN3;NDUFV2;TUBB6;NDUFS7;NDUFB4;COX6C;NDUFB1;UQCR10;NDUFB5;NDUFB3;PSMB4;DCTN2;HIP1
prerank,Axon guidance,0.39156323723818703,1.249111300218944,0.20875912408759123,0.673129099582588,1.0,4/20,5.85%,RGS3;CFL1;CXCR4;MYL9
prerank,MAPK signaling pathway,0.3485971115127735,1.247258373252082,0.19890260631001372,0.6561024871602517,1.0,6/32,6.75%,INSR;HSPB1;FLT1;FLNA;MEF2C;STMN1
prerank,Coronavirus disease,0.47269653671150086,1.2383491017389765,0.22060957910014514,0.6584623770125223,1.0,2/10,2.44%,UBA52;FAU
prerank,AMPK signaling pathway,0.41607550534460847,1.2326180968046072,0.23415977961432508,0.6535466471512983,1.0,2/15,3.34%,INSR;EEF2
prerank,mTOR signaling pathway,0.38775868330072105,1.2291353660473074,0.23733719247467439,0.6419222876986215,1.0,6/20,18.94%,INSR;EIF4B;GRB10;LAMTOR2;LAMTOR1;ATP6V1F
prerank,Phospholipase D signaling pathway,0.39167241792792606,1.2260980505912027,0.2402315484804631,0.6306222846920522,1.0,3/18,9.47%,INSR;GNAS;RALB
prerank,Huntington disease,0.2893104428166476,1.2112430702878596,0.22758620689655173,0.6481800337904989,1.0,24/79,24.30%,UQCRB;AP2S1;SLC25A6;UQCRH;NDUFS5;COX5A;COX7B;NDUFB2;BAX;PSMB7;COX4I1;NDUFS8;SLC25A5;NDUFAB1;NDUFB8;COX7A2L;PSMB5;COX7C;PSMC5;KIF5B;COX8A;NDUFB7;NDUFA6;VDAC1
prerank,Ras signaling pathway,0.33518736907734836,1.1886171854323893,0.26308139534883723,0.6849755838127932,1.0,15/30,36.00%,INSR;FLT1;ETS1;RALB;CALM1;ANGPT2;GNB2;EFNA1;CALM3;BAD;RAP1A;GNG5;KDR;RALBP1;GNG11
prerank,Proteoglycans in cancer,0.32852868077848435,1.171121873702534,0.29320113314447593,0.7105992844364937,1.0,4/31,5.99%,HSPG2;ACTG1;FLNA;EIF4B
prerank,Dopaminergic synapse,0.3524234454180554,1.1603856469170502,0.2841068917018284,0.7168031282968671,1.0,13/22,39.07%,GNAS;CALM1;GNB2;KIF5B;PPP1CB;CALM3;PPP2R1A;GNG5;ATF4;PPP3CA;PPP1CC;GNG11;GNB1
prerank,Glycolysis / Gluconeogenesis,0.4272173868301088,1.155078970443758,0.2909604519774011,0.7107792933810376,1.0,3/11,12.40%,GAPDH;LDHB;ENO1
prerank,Glucagon signaling pathway,0.3981167566290002,1.1384361537640282,0.30484330484330485,0.7322199921462541,1.0,8/14,36.84%,GNAS;LDHB;CALM1;PKM;CALM3;ATF4;PPP3CA;LDHA
prerank,Circadian entrainment,0.40870037042024165,1.1344754576459224,0.3175287356321839,0.7242546213476446,1.0,7/11,39.07%,GNAS;CALM1;GNB2;CALM3;GNG5;GNG11;GNB1
prerank,Relaxin signaling pathway,0.3422996414898712,1.1084093473777634,0.354978354978355,0.7694023796646836,1.0,3/22,3.41%,COL4A1;GNAS;COL4A2
prerank,Hypertrophic cardiomyopathy,0.4100766622438988,1.0861211905689916,0.3909985935302391,0.8042710196779964,1.0,3/10,12.47%,ACTG1;TPM4;ACTB
prerank,Protein processing in endoplasmic reticulum,0.32682230028841325,1.085254301096293,0.3638888888888889,0.7884943351222422,1.0,14/25,39.90%,ERP29;CANX;BAX;UBE2J1;SEC61G;UBXN1;HSP90B1;PDIA6;SEC61B;RNF5;ATF4;UBXN6;UBE2D2;RAD23A
prerank,Retrograde endocannabinoid signaling,0.2938305705978912,1.0470377162404214,0.4214992927864215,0.862015827953644,1.0,19/34,42.83%,MGLL;NDUFS5;NDUFB2;NDUFS8;NDUFAB1;NDUFB8;GNB2;NDUFB7;NDUFA6;GNG5;NDUFA1;GNG11;NDUFV2;GNB1;NDUFS7;NDUFB4;NDUFB1;NDUFB5;NDUFB3
prerank,Measles,0.3897713113848363,1.0394321365206411,0.42857142857142855,0.8622064476839342,1.0,7/11,30.50%,EIF3H;BAX;BID;MSN;CSNK2B;BAD;JAK1
prerank,AGE-RAGE signaling pathway in diabetic complications,0.3287275533927953,1.003536431521881,0.4540229885057471,0.9301375223613596,1.0,3/16,10.10%,COL4A1;COL4A2;BAX
prerank,Platelet activation,0.31402874527891067,0.9976691331694983,0.4497816593886463,0.925496513453324,1.0,4/19,13.79%,ACTG1;GNAS;ACTB;VASP
prerank,Hepatitis B,0.31340647490897766,0.9924126076907231,0.4872159090909091,0.9193756708407872,1.0,1/21,0.21%,HSPG2
prerank,Long-term potentiation,0.3508995467987688,0.9885305456402095,0.4868035190615836,0.9099793047809464,1.0,7/12,35.58%,CALM1;PPP1CB;CALM3;RAP1A;ATF4;PPP3CA;PPP1CC
prerank,Hippo signaling pathway,0.3175846529996923,0.9839953052056069,0.49194729136163984,0.9023823448465665,1.0,9/19,35.58%,ACTG1;ACTB;YWHAH;WWTR1;PPP1CB;SMAD1;PPP2R1A;RASSF2;PPP1CC
prerank,Aldosterone synthesis and secretion,0.3583985160029366,0.9777127221692691,0.5146627565982405,0.8991122962162893,1.0,3/11,14.97%,GNAS;CALM1;ATP2B4
prerank,Longevity regulating pathway,0.3206220832849306,0.9445745092125267,0.5420689655172414,0.9559795931888956,1.0,2/15,10.10%,INSR;BAX
prerank,Shigellosis,0.24394259390657655,0.9337961781601679,0.553314121037464,0.9612319076272564,1.0,9/47,12.47%,UBA52;ACTG1;PFN1;MYL9;ACTN4;CBX3;BAX;ARPC5L;ACTB
prerank,Salmonella infection,0.24162635312341552,0.9268421934577443,0.5941422594142259,0.9591042678251981,1.0,10/48,12.47%,GAPDH;ACTG1;ANXA2;FLNA;PFN1;MYL9;BAX;AHNAK;ARPC5L;ACTB
prerank,Glutamatergic synapse,0.3348463994570946,0.920632521526866,0.5481049562682215,0.9555456171735243,1.0,6/11,39.07%,GNAS;GNB2;GNG5;PPP3CA;GNG11;GNB1
prerank,Ubiquitin mediated proteolysis,0.2859657586816388,0.8952987524224423,0.6264204545454546,0.9899666892850534,1.0,13/19,41.30%,UBA52;UBE2I;UBE2J1;UBE2E3;UBE2R2;UBE2E1;UBE2N;UBE2K;UBE2A;UBE2D2;HERC2;UBE2F;CDC26
prerank,RNA degradation,0.31757734121637626,0.8930454194704651,0.6161616161616161,0.977537066796034,1.0,9/13,47.56%,LSM7;ENO1;LSM2;LSM4;LSM8;PABPC1;LSM5;CNOT7;LSM3
prerank,PI3K-Akt signaling pathway,0.22523743372872773,0.8772304351639078,0.640495867768595,0.9915377161598091,1.0,19/44,33.43%,INSR;COL4A1;COL4A2;FLT1;EIF4B;LAMA4;YWHAH;MAGI1;ANGPT2;GNB2;LAMC1;EFNA1;HSP90B1;PPP2R1A;BAD;JAK1;GNG5;KDR;ATF4
prerank,Adrenergic signaling in cardiomyocytes,0.26598234229223405,0.8693840417004122,0.6587078651685393,0.9904249391477756,1.0,7/22,26.18%,GNAS;TPM4;CALM1;ATP2B4;PPP1CB;CALM3;PPP2R1A
prerank,Chemokine signaling pathway,0.26787540632725737,0.8476442600527944,0.6676342525399129,1.0,1.0,16/20,61.28%,CXCR4;CCL14;GNB2;BAD;RAP1A;GNG5;ROCK1;GNG11;GNB1;SHC1;GRB2;CCL18;GNAI2;AKT3;PLCB1;ROCK2
prerank,Spinocerebellar ataxia,0.256148451134787,0.8127699959033957,0.7047756874095513,1.0,1.0,8/22,31.41%,SLC25A6;PSMB7;SLC25A5;PSMB5;PSMC5;VDAC1;PSMD8;PUM1
prerank,Ferroptosis,0.2976855265037686,0.7818944154392802,0.7471590909090909,1.0,1.0,6/10,43.11%,PCBP2;PCBP1;GPX4;SAT2;MAP1LC3A;MAP1LC3B
prerank,Amphetamine addiction,0.2617995501560415,0.7667376398244177,0.7353760445682451,1.0,1.0,7/14,35.58%,GNAS;CALM1;PPP1CB;CALM3;ATF4;PPP3CA;PPP1CC
prerank,Pancreatic cancer,0.26834916150979893,0.7604672337673241,0.7414772727272727,1.0,1.0,9/12,56.48%,RALB;BAX;BAD;JAK1;RALBP1;TGFB1;RALGDS;CDK4;AKT3
prerank,Alcoholism,0.22310919283721906,0.7528224200121924,0.776657060518732,1.0,1.0,12/24,44.29%,GNAS;CALM1;GNB2;PPP1CB;CALM3;GNG5;ATF4;PPP1CC;GNG11;GNB1;SHC1;GRB2
prerank,Proteasome,0.26868395525895455,0.7472543552148248,0.7729885057471264,1.0,1.0,8/13,48.26%,PSMB7;POMP;PSMB5;PSMC5;PSMD8;PSMC1;PSMB4;PSMD4
prerank,cAMP signaling pathway,0.22222491133520098,0.7439906344166718,0.7621776504297995,1.0,1.0,9/23,31.48%,GNAS;MYL9;CALM1;ATP2B4;PPP1CB;CALM3;BAD;RAP1A;ROCK1
prerank,Hepatocellular carcinoma,0.2241868937868326,0.7382112449957031,0.7887931034482759,1.0,1.0,3/22,12.47%,ACTG1;BAX;ACTB
prerank,Transcriptional misregulation in cancer,0.22316485375989498,0.7249848043176419,0.7969187675070029,1.0,1.0,6/22,19.15%,FLT1;MEF2C;BAX;LMO2;ZEB1;JUP
prerank,Cushing syndrome,0.24767302529191437,0.7202664130976051,0.776657060518732,1.0,1.0,1/14,2.09%,GNAS
prerank,Purine metabolism,0.25719094536857656,0.7178975388190915,0.7991452991452992,1.0,1.0,5/12,31.62%,NME1;APRT;NME4;PKM;AK1
prerank,Ribosome biogenesis in eukaryotes,0.2674845842122596,0.7174641594466328,0.8189533239038189,1.0,1.0,8/11,56.20%,FBL;CSNK2B;RAN;REXO2;IMP3;NHP2;NOP10;NOP56
prerank,Apelin signaling pathway,0.2306234728884614,0.716186569791254,0.8091168091168092,1.0,1.0,12/17,58.01%,MEF2C;CALM1;GNB2;CALM3;GNG5;GNG11;GNB1;PLAT;GNAI2;AKT3;MAP2K2;PLCB1
prerank,Renin secretion,0.26967698868485335,0.7071145427274871,0.8113475177304964,1.0,1.0,1/10,2.09%,GNAS
prerank,p53 signaling pathway,0.2607853660516235,0.7051060185637671,0.7967836257309941,1.0,1.0,4/11,28.20%,BAX;BID;EI24;IGFBP3
prerank,Melanogenesis,0.2563256547823054,0.7050179245516771,0.8074074074074075,0.9995785743773221,1.0,1/12,2.09%,GNAS
prerank,"Growth hormone synthesis, secretion and action",0.23669548347140731,0.6979209594202611,0.8367346938775511,0.994777631847105,1.0,1/15,2.09%,GNAS
prerank,Bacterial invasion of epithelial cells,0.21323429968783175,0.6818500897538446,0.8333333333333334,1.0,1.0,3/20,12.47%,ACTG1;ARPC5L;ACTB
prerank,Thyroid hormone signaling pathway,0.22122259548561854,0.679961994799021,0.8457223001402524,0.9901786700236312,1.0,1/17,1.95%,ACTG1
prerank,Insulin signaling pathway,0.20733112907166956,0.6647872666947517,0.8618233618233618,0.9937922684235787,1.0,1/21,1.18%,INSR
prerank,Chagas disease,0.22237534373484244,0.6463319630228553,0.8603988603988604,0.9994277647261676,1.0,1/14,2.09%,GNAS
prerank,GnRH signaling pathway,0.22548417129796824,0.6277442840026863,0.8678414096916299,1.0,1.0,1/12,2.09%,GNAS
prerank,Neurotrophin signaling pathway,0.19617925106972994,0.610500589823261,0.8786610878661087,1.0,1.0,8/18,33.43%,BAX;CALM1;ARHGDIB;CALM3;BAD;RAP1A;ARHGDIA;ATF4
prerank,Glioma,0.20956875108656925,0.5970268250840437,0.9125364431486881,1.0,1.0,9/13,57.80%,BAX;CALM1;CALM3;SHC1;GRB2;PDGFB;CDK4;AKT3;MAP2K2
prerank,Yersinia infection,0.17530746057743807,0.5772148873602039,0.9305555555555556,1.0,1.0,18/23,63.09%,ACTG1;ARPC5L;ACTB;ARPC1B;ARPC2;ROCK1;ARPC3;ACTR3;ARPC5;ARHGEF12;ARPC1A;ARPC4;AKT3;MAP2K2;PYCARD;WASF2;ROCK2;ACTR2
prerank,Hepatitis C,0.16687903706849638,0.5546630693068357,0.9386590584878745,1.0,1.0,21/23,76.81%,BAX;EIF3E;YWHAH;BID;PPP2R1A;BAD;JAK1;GRB2;CD81;SCARB1;CDK4;AKT3;YWHAZ;MAP2K2;YWHAQ;PPP2CB;TP53;YWHAG;YWHAB;MAPK3;TNFRSF1A
prerank,Oocyte meiosis,0.1773131837897408,0.5544383657542816,0.9318840579710145,1.0,1.0,7/18,35.58%,CALM1;YWHAH;PPP1CB;CALM3;PPP2R1A;PPP3CA;PPP1CC
prerank,Gastric cancer,0.19101123595505623,0.5280600817483199,0.9374110953058321,1.0,1.0,12/12,81.06%,BAX;JUP;SHC1;GRB2;TGFB1;AKT3;MAP2K2;CTNNA1;TP53;MAPK3;TCF7L1;HRAS
prerank,Non-small cell lung cancer,0.19087719298245615,0.5226200913839175,0.9523809523809523,0.9967445792132733,1.0,11/11,81.06%,BAX;KIF5B;BAD;GRB2;CDK4;AKT3;MAP2K2;TP53;PLCG2;MAPK3;HRAS
prerank,Estrogen signaling pathway,0.16196986532051433,0.5157979993267052,0.95,0.9893555067278526,1.0,3/21,14.35%,GNAS;KRT10;CALM1
prerank,Spliceosome,0.13624984689474234,0.5109509438883104,0.9781976744186046,0.981092869371189,1.0,4/39,10.86%,SNRPE;HNRNPA1;LSM7;SNRPD1
prerank,Endometrial cancer,0.19074333800841511,0.5028960164991327,0.9658605974395448,0.974154074525178,1.0,10/10,81.06%,BAX;BAD;GRB2;AKT3;MAP2K2;CTNNA1;TP53;MAPK3;TCF7L1;HRAS
prerank,Central carbon metabolism in cancer,0.14747191011235972,0.4141067198696552,0.9883211678832117,0.9906797853309481,1.0,12/12,85.38%,LDHB;PKM;LDHA;HIF1A;AKT3;MAP2K2;IDH2;TP53;MAPK3;PFKP;HRAS;HK1
prerank,Colorectal cancer,-0.16116104417103894,-0.47218212552496913,0.9358108108108109,0.9589618644067797,1.0,2/15,5.71%,JUN;RALA
prerank,Sphingolipid signaling pathway,-0.16710837717935048,-0.5197582782225135,0.9431438127090301,0.9447403820285176,1.0,14/18,47.28%,GNAI1;CERS2;HRAS;TNFRSF1A;MAPK3;TP53;PPP2R5A;PPP2CB;ROCK2;CTSD;PLCB1;MAP2K2;AKT3;GNAI2
prerank,Cholinergic synapse,-0.19382022471910113,-0.5273963418543475,0.89,0.9548824494259158,1.0,12/12,80.85%,GNAI1;CREB3L2;HRAS;MAPK3;PLCB1;AKT3;GNAI2;GNB1;GNG11;ATF4;GNG5;GNB2
prerank,C-type lectin receptor signaling pathway,-0.20521467016339767,-0.5551921892210806,0.8916083916083916,0.9485523756599056,1.0,1/11,2.51%,JUN
prerank,Chronic myeloid leukemia,-0.19011881748218235,-0.5624744280830242,0.8685121107266436,0.9583050847457628,1.0,12/14,56.41%,HDAC1;HRAS;MAPK3;TP53;HDAC2;MECOM;MAP2K2;AKT3;CDK4;TGFB1;GRB2;SHC1
prerank,Prostate cancer,-0.19014084507042253,-0.5877753520091382,0.8741496598639455,0.9521631715024418,1.0,16/16,81.27%,FOXO1;CREB3L2;HRAS;TCF7L1;MAPK3;TP53;MAP2K2;AKT3;PDGFB;PLAT;GRB2;ERG;ATF4;BAD;HSP90B1;ZEB1
prerank,Chemical carcinogenesis,-0.18971885547226275,-0.6084581643999463,0.852112676056338,0.948614845119813,1.0,3/20,4.60%,JUN;KLF4;SULT1A1
prerank,PD-L1 expression and PD-1 checkpoint pathway in cancer,-0.24286419753332578,-0.631711389873295,0.7981072555205048,0.9421825750817722,1.0,2/10,6.82%,JUN;IFNGR1
prerank,Acute myeloid leukemia,-0.2627617027730214,-0.7098290487503377,0.6920529801324503,0.8797820823244552,1.0,2/11,5.92%,CD14;ZBTB16
prerank,TGF-beta signaling pathway,-0.2622720897615708,-0.7146526193490585,0.6900958466453674,0.8903543913713405,1.0,10/10,74.03%,SMAD6;BMPR2;RBX1;MAPK3;INHBB;PPP2CB;TGFB1;ROCK1;PPP2R1A;SMAD1
prerank,mRNA surveillance pathway,-0.2415492957746479,-0.7334504953277735,0.7152542372881356,0.8850219711236661,1.0,16/16,76.18%,TARDBP;SRRM1;PPP1CA;UPF3A;PPP2R5A;WDR82;PPP2CB;WDR33;MAGOH;SSU72;RNPS1;PAPOLA;PPP1CC;PABPC1;PPP2R1A;PPP1CB
prerank,Signaling pathways regulating pluripotency of stem cells,-0.2714551778619857,-0.7496701493017198,0.668918918918919,0.883428205948193,1.0,9/12,43.66%,KLF4;LIFR;BMPR2;PCGF2;HRAS;MAPK3;INHBB;MAP2K2;AKT3
prerank,Cell cycle,-0.2636180036627064,-0.7660032306217666,0.672077922077922,0.8819295958279009,1.0,12/13,58.84%,MCM3;HDAC1;RBX1;YWHAB;YWHAG;TP53;HDAC2;YWHAQ;YWHAZ;CDK4;TGFB1;CDC26
prerank,Breast cancer,-0.29277382187534223,-0.8327190279189695,0.5953177257525084,0.8128148886673313,1.0,12/13,56.41%,JUN;FLT4;HRAS;TCF7L1;MAPK3;TP53;NCOA1;MAP2K2;AKT3;CDK4;GRB2;SHC1
prerank,Wnt signaling pathway,-0.3225572932428146,-0.8517479879690973,0.5377049180327869,0.8046372881355933,1.0,8/10,44.36%,JUN;DAAM1;RBX1;TCF7L1;TP53;ROCK2;PLCB1;CTNNBIP1
prerank,Autophagy,-0.2795774647887324,-0.8679284149104861,0.6348684210526315,0.7978692493946732,1.0,16/16,72.42%,CFLAR;HRAS;VMP1;PRKAA1;MAPK3;DAPK3;CTSB;PPP2CB;CTSD;MAP2K2;AKT3;IGBP1;SH3GLB1;HIF1A;ATG3;BAD
prerank,Pathogenic Escherichia coli infection,-0.23619488304552466,-0.876382203778191,0.6402640264026402,0.8026271186440678,1.0,2/33,2.51%,TNFSF10;JUN
prerank,Osteoclast differentiation,-0.32364424829204197,-0.9019421207562093,0.5570934256055363,0.7827767760548142,1.0,7/12,26.88%,JUN;FOSB;IFNGR1;TNFRSF1A;MAPK3;RELB;PLCG2
prerank,Fluid shear stress and atherosclerosis,-0.2612063134976421,-0.9114680178779198,0.6,0.7862343404568901,1.0,7/26,6.89%,JUN;DUSP1;EDN1;CAV2;THBD;CAV1;BMPR2
prerank,ErbB signaling pathway,-0.32857691364822167,-0.9122918973197426,0.5079365079365079,0.8019284369114877,1.0,10/11,56.41%,JUN;HRAS;MAPK3;PLCG2;EIF4EBP1;HBEGF;MAP2K2;AKT3;GRB2;SHC1
prerank,B cell receptor signaling pathway,-0.34221598877980364,-0.91797260922727,0.5225806451612903,0.8119260400616333,1.0,10/10,66.09%,JUN;RASGRP3;HRAS;MAPK3;PLCG2;MAP2K2;AKT3;CD81;GRB2;PPP3CA
prerank,Synaptic vesicle cycle,-0.40277310592770854,-1.091334799599446,0.40350877192982454,0.5656444619629484,0.998,1/11,0.97%,SLC6A4
prerank,Mitophagy,-0.4081776325411881,-1.0950413306130629,0.4066666666666667,0.5732687651331719,0.997,3/11,2.51%,UBC;UBB;JUN
prerank,Necroptosis,-0.32943414362308543,-1.0994913297081097,0.37254901960784315,0.5808019842910294,0.995,5/21,6.82%,TNFSF10;CFLAR;FTL;FTH1;IFNGR1
prerank,Pathways in cancer,-0.24610315124719162,-1.1183918327764355,0.31543624161073824,0.5669830508474576,0.993,4/67,2.99%,IL7R;EPAS1;JUN;EDN1
prerank,Choline metabolism in cancer,-0.4258608573436402,-1.1813911714525207,0.3377926421404682,0.49147327249022166,0.989,13/13,57.87%,JUN;PLPP3;HRAS;MAPK3;EIF4EBP1;WASF2;MAP2K2;LYPLA1;AKT3;RALGDS;PDGFB;GRB2;HIF1A
prerank,Apoptosis,-0.36089027237784127,-1.188745885074798,0.2733333333333333,0.4928813559322034,0.988,2/21,2.51%,TNFSF10;JUN
prerank,Serotonergic synapse,-0.4316162763636782,-1.2292098312651614,0.2948717948717949,0.44595510765002294,0.984,2/13,2.86%,SLC6A4;DUSP1
prerank,Vascular smooth muscle contraction,-0.4012021546899148,-1.3264680450133781,0.16459627329192547,0.327909604519774,0.935,4/21,2.99%,RAMP3;RAMP2;CALCRL;EDN1
prerank,Lipid and atherosclerosis,-0.4220649481327526,-1.3801392365993022,0.13651877133105803,0.2735496368038741,0.908,3/23,2.51%,TNFSF10;CD14;JUN
prerank,Renal cell carcinoma,-0.5114055820004332,-1.4644027263726322,0.11074918566775244,0.19222333000997008,0.837,2/14,2.51%,EPAS1;JUN
prerank,Lysosome,-0.48145112626746794,-1.504914072273808,0.0967741935483871,0.16217770929635336,0.788,15/16,44.57%,LAPTM4A;HYAL2;CLTA;CTSF;AP3D1;PSAP;NPC2;AP3S1;CD164;HGSNAT;CTSB;ATP6V0B;CTSD;LAPTM5;ATP6V0D1
prerank,Leishmaniasis,-0.5207366907370924,-1.527296571526272,0.09215017064846416,0.1507627118644068,0.761,7/13,4.32%,HLA-DPA1;HLA-DRA;HLA-DRB1;JUN;HLA-DPB1;HLA-DMA;HLA-DRB5
prerank,NOD-like receptor signaling pathway,-0.5560219888336834,-1.6085357263072702,0.07092198581560284,0.10278840896664844,0.642,3/13,2.51%,TXNIP;GBP4;JUN
prerank,Human papillomavirus infection,-0.4345801667508217,-1.7250435178016932,0.02527075812274368,0.05640677966101695,0.464,5/43,3.69%,HLA-E;HLA-B;HLA-C;HLA-A;HLA-F
prerank,Endocytosis,-0.43132323886572616,-1.7778669662883702,0.006600660066006601,0.041472822910578605,0.363,6/48,3.69%,HLA-E;HLA-B;HLA-C;HLA-A;CAV2;HLA-F
prerank,FoxO signaling pathway,-0.6216443061616899,-1.8218137700608652,0.010033444816053512,0.031476997578692496,0.288,2/14,0.63%,IL7R;TNFSF10
prerank,Cytokine-cytokine receptor interaction,-0.6358088363686732,-1.9248318297204488,0.01048951048951049,0.015367231638418079,0.165,6/14,6.89%,IL7R;TNFSF10;LIFR;ACVRL1;IFNGR1;BMPR2
prerank,Influenza A,-0.5480540433015697,-1.944306171932834,0.0033112582781456954,0.013611473272490222,0.149,7/24,4.32%,TNFSF10;HLA-DPA1;HLA-DRA;HLA-DRB1;HLA-DPB1;HLA-DMA;HLA-DRB5
prerank,Cellular senescence,-0.564249103857821,-1.9865979151280646,0.0,0.009491525423728813,0.109,5/28,3.69%,HLA-E;HLA-B;HLA-C;HLA-A;HLA-F
prerank,Viral carcinogenesis,-0.53960647445026,-2.06888986335159,0.0,0.0046327683615819204,0.052,6/37,3.69%,HLA-E;HLA-B;HLA-C;HLA-A;JUN;HLA-F
prerank,Toxoplasmosis,-0.6392702092411394,-2.069562243654941,0.0035460992907801418,0.004657332350773766,0.05,6/18,4.32%,HLA-DPA1;HLA-DRA;HLA-DRB1;HLA-DPB1;HLA-DMA;HLA-DRB5
prerank,Systemic lupus erythematosus,-0.7417780513935182,-2.0970859124011496,0.0,0.0036363636363636364,0.038,6/11,4.32%,HLA-DPA1;HLA-DRA;HLA-DRB1;HLA-DPB1;HLA-DMA;HLA-DRB5
prerank,Kaposi sarcoma-associated herpesvirus infection,-0.5767711278119912,-2.1751188566943855,0.0,0.0014850686037126716,0.022,8/34,3.69%,HLA-E;HLA-B;HLA-C;UBC;HLA-A;UBB;JUN;HLA-F
prerank,Rheumatoid arthritis,-0.7220820668191221,-2.1880167882380195,0.0,0.0014237288135593219,0.02,7/14,4.32%,HLA-DPA1;HLA-DRA;HLA-DRB1;JUN;HLA-DPB1;HLA-DMA;HLA-DRB5
prerank,Tuberculosis,-0.617651264419043,-2.1898046250428767,0.0,0.0014986619090098126,0.02,8/26,4.32%,CD74;HLA-DPA1;HLA-DRA;HLA-DRB1;CD14;HLA-DPB1;HLA-DMA;HLA-DRB5
prerank,Hematopoietic cell lineage,-0.7742014568870745,-2.207852979318802,0.0,0.0013559322033898306,0.017,9/11,4.32%,IL7R;HLA-DPA1;HLA-DRA;HLA-DRB1;CD14;HLA-DPB1;CD59;HLA-DMA;HLA-DRB5
prerank,Human cytomegalovirus infection,-0.5816554091989207,-2.2314912503050963,0.0031545741324921135,0.0011166500498504487,0.013,6/36,3.69%,B2M;HLA-E;HLA-B;HLA-C;HLA-A;HLA-F
prerank,Th17 cell differentiation,-0.7777268296265238,-2.288242646793963,0.0,0.0005084745762711864,0.006,7/14,4.32%,HLA-DPA1;HLA-DRA;HLA-DRB1;JUN;HLA-DPB1;HLA-DMA;HLA-DRB5
prerank,Th1 and Th2 cell differentiation,-0.8056866949460396,-2.41364612597326,0.0,9.039548022598871e-05,0.001,7/13,4.32%,HLA-DPA1;HLA-DRA;HLA-DRB1;JUN;HLA-DPB1;HLA-DMA;HLA-DRB5
prerank,Inflammatory bowel disease,-0.885540638470848,-2.4493240667611555,0.0,0.0,0.0,7/10,4.32%,HLA-DPA1;HLA-DRA;HLA-DRB1;JUN;HLA-DPB1;HLA-DMA;HLA-DRB5
prerank,Natural killer cell mediated cytotoxicity,-0.8286789769825305,-2.4670378798106194,0.0,0.0,0.0,5/15,2.09%,HLA-E;HLA-B;TNFSF10;HLA-C;HLA-A
prerank,Human immunodeficiency virus 1 infection,-0.6732475742500921,-2.5316769902253062,0.0,0.0,0.0,8/30,3.69%,B2M;HLA-E;HLA-B;HLA-C;BST2;HLA-A;JUN;HLA-F
prerank,Cell adhesion molecules,-0.8388848128437707,-2.5600310622982114,0.0,0.0,0.0,11/14,4.32%,HLA-E;HLA-B;HLA-C;HLA-DPA1;HLA-DRA;HLA-DRB1;HLA-A;HLA-DPB1;HLA-F;HLA-DMA;HLA-DRB5
prerank,Viral myocarditis,-0.8237553794161814,-2.638505577554665,0.0,0.0,0.0,11/18,4.32%,HLA-E;HLA-B;HLA-C;HLA-DPA1;HLA-DRA;HLA-DRB1;HLA-A;HLA-DPB1;HLA-F;HLA-DMA;HLA-DRB5
prerank,Phagosome,-0.7600994031643641,-2.6520304125028473,0.0,0.0,0.0,12/24,4.32%,HLA-E;HLA-B;HLA-C;HLA-DPA1;HLA-DRA;HLA-DRB1;HLA-A;CD14;HLA-DPB1;HLA-F;HLA-DMA;HLA-DRB5
prerank,Epstein-Barr virus infection,-0.711392975542062,-2.695552781925419,0.0,0.0,0.0,13/34,4.32%,B2M;HLA-E;HLA-B;HLA-C;HLA-DPA1;HLA-DRA;HLA-DRB1;HLA-A;JUN;HLA-DPB1;HLA-F;HLA-DMA;HLA-DRB5
prerank,Allograft rejection,-0.9649122807017543,-2.720800665340297,0.0,0.0,0.0,11/11,4.32%,HLA-E;HLA-B;HLA-C;HLA-DPA1;HLA-DRA;HLA-DRB1;HLA-A;HLA-DPB1;HLA-F;HLA-DMA;HLA-DRB5
prerank,Autoimmune thyroid disease,-0.9649122807017543,-2.720800665340297,0.0,0.0,0.0,11/11,4.32%,HLA-E;HLA-B;HLA-C;HLA-DPA1;HLA-DRA;HLA-DRB1;HLA-A;HLA-DPB1;HLA-F;HLA-DMA;HLA-DRB5
prerank,Graft-versus-host disease,-0.9649122807017543,-2.720800665340297,0.0,0.0,0.0,11/11,4.32%,HLA-E;HLA-B;HLA-C;HLA-DPA1;HLA-DRA;HLA-DRB1;HLA-A;HLA-DPB1;HLA-F;HLA-DMA;HLA-DRB5
prerank,Human T-cell leukemia virus 1 infection,-0.7053122472996767,-2.727669749869403,0.0,0.0,0.0,13/37,4.32%,B2M;HLA-E;HLA-B;HLA-C;HLA-DPA1;HLA-DRA;HLA-DRB1;HLA-A;JUN;HLA-DPB1;HLA-F;HLA-DMA;HLA-DRB5
prerank,Type I diabetes mellitus,-0.952139039593024,-2.8123086099818164,0.0,0.0,0.0,11/12,4.32%,HLA-E;HLA-B;HLA-C;HLA-DPA1;HLA-DRA;HLA-DRB1;HLA-A;HLA-DPB1;HLA-F;HLA-DMA;HLA-DRB5
prerank,Antigen processing and presentation,-0.931800965570863,-2.895867917460287,0.0,0.0,0.0,13/15,4.32%,B2M;HLA-E;HLA-B;HLA-C;CD74;HLA-DPA1;HLA-DRA;HLA-DRB1;HLA-A;HLA-DPB1;HLA-F;HLA-DMA;HLA-DRB5
prerank,Herpes simplex virus 1 infection,-0.8309932722918005,-2.9944326371648824,0.0,0.0,0.0,14/28,4.32%,B2M;HLA-E;HLA-B;HLA-C;CD74;HLA-DPA1;HLA-DRA;HLA-DRB1;BST2;HLA-A;HLA-DPB1;HLA-F;HLA-DMA;HLA-DRB5
